"%1 <a href=""%2"">Open the mail health report</a>.","%1 <a href=""%2"">Otwórz raport o wysyłce poczty</a>."
"%1 bytes","%1 bajtów"
"%1 entries deleted.","Usunięto %1 wpisów."
"%1 is not a port number.","%1 nie jest numerem portu."
"%1 is not an e-mail address.","%1 nie jest adresem e-mail."
"%1 ms","%1 ms"
"%1 of the 10 DNS lookups a receiver allows","%1 z 10 zapytań DNS, na które pozwala odbiorca"
"%1 publishes no DMARC record, so nobody is told when somebody forges the shop's address and receivers have no instruction about what to do with it.","%1 nie publikuje wpisu DMARC, więc nikt nie dowie się o podszywaniu pod adres sklepu, a odbiorcy nie mają wskazówki, co z taką pocztą robić."
"%1 publishes no SPF record, so nothing says which servers may send as it. Gmail and Outlook treat mail from such a domain as suspicious by default.","%1 nie publikuje wpisu SPF, więc nic nie mówi, które serwery mogą z niej wysyłać. Gmail i Outlook domyślnie traktują pocztę z takiej domeny jako podejrzaną."
"%1 publishes two SPF records. A receiving server reads that as a permanent error and ignores both, so the domain authorises nobody at all — they have to be merged into one.","%1 publikuje dwa wpisy SPF. Serwer odbiorcy czyta to jako błąd trwały i pomija oba, więc domena nie dopuszcza nikogo — trzeba je scalić w jeden."
"%1: sending e-mail works again","%1: wysyłka poczty znowu działa"
"%1: the shop cannot send e-mail (%2)","%1: sklep nie może wysyłać poczty (%2)"
"587 for STARTTLS, 465 for TLS from the first byte. Port 25 is blocked outbound by most hosting companies.","587 dla STARTTLS, 465 dla TLS od pierwszego bajtu. Port 25 jest wychodząco zablokowany u większości hostingów."
"A Mailgun domain created in the European region answers only on the European host.","Domena Mailgun utworzona w regionie europejskim odpowiada wyłącznie na europejskim hoście."
"A bar across the admin panel","Pasek na każdej stronie panelu"
"A cron expression. Every quarter of an hour by default, which is about as long as anybody wants to be unable to send without knowing it.","Wyrażenie crona. Domyślnie co kwadrans, czyli mniej więcej tyle, ile można nie wiedzieć o tym, że sklep nie wysyła."
"A domain created in the European region only answers on the European host.","Domena utworzona w regionie europejskim odpowiada tylko na europejskim hoście."
"A host name, without a scheme. A whole address pasted here is understood and tidied up.","Nazwa hosta, bez schematu. Wklejony tu cały adres zostanie zrozumiany i uporządkowany."
"A mailbox is not a sending service. This one has a daily limit a shop reaches on its first busy day, and every recipient counts towards it.","Skrzynka pocztowa nie jest usługą do wysyłki. Ta ma dzienny limit, który sklep wyczerpuje pierwszego pracowitego dnia, a liczy się każdy odbiorca."
"A mailbox is not a sending service: Google stops a free account at around 500 messages a day and a Workspace one at around 2000, and counts every recipient. Fine for a small shop, a bad surprise for a busy one.","Skrzynka pocztowa nie jest usługą do wysyłki: Google zatrzymuje darmowe konto przy około 500 wiadomościach na dobę, a konto Workspace przy około 2000, i liczy każdego odbiorcę. Dla małego sklepu w porządku, dla obleganego — nieprzyjemna niespodzianka."
"A new Amazon SES account may only write to verified addresses until Amazon takes it out of the sandbox.","Nowe konto Amazon SES może pisać wyłącznie na zweryfikowane adresy, dopóki Amazon nie wyjmie go z piaskownicy."
"A port that answers nothing at all is most often one the hosting company blocks outbound. Ask them to open it, or use the alternative port the provider offers.","Port, który w ogóle nie odpowiada, jest najczęściej portem zablokowanym wychodząco przez hosting. Poproś o jego otwarcie albo użyj portu zapasowego, który podaje dostawca."
"A problem is reported once, again if its reason changes, and once more after a long silence. When it is over, that is reported too.","O problemie mówimy raz, ponownie gdy zmieni się jego powód, i jeszcze raz po długiej ciszy. Kiedy się skończy, o tym też powiemy."
"A problem that may pass","Problem, który może minąć"
"A server of my own","Własny serwer"
"A webhook","Webhook"
"Accepted by the server","Przyjęta przez serwer"
"Accepted by the server for %1 in %2 ms. Whether it arrives is a separate question, and the answer is in that mailbox.","Serwer przyjął wiadomość dla %1 w %2 ms. Czy dotrze, to osobne pytanie — odpowiedź jest w tej skrzynce."
"Action","Działanie"
"Also authorised","Dopuszczony także"
"Always send from","Zawsze wysyłaj z adresu"
"Always the literal word SMTP_Injection. It is filled in for you and cannot be changed.","Zawsze dosłownie SMTP_Injection. Wypełniamy to za Ciebie i nie da się tego zmienić."
"Always the literal word apikey. It is filled in for you and cannot be changed.","Zawsze dosłownie apikey. Wypełniamy to za Ciebie i nie da się tego zmienić."
"Always the literal word resend. It is filled in for you and cannot be changed.","Zawsze dosłownie resend. Wypełniamy to za Ciebie i nie da się tego zmienić."
"Amazon SES needs SMTP credentials created under its SMTP settings. An AWS access key and secret are a different thing and will always be refused here.","Amazon SES wymaga danych SMTP utworzonych w jego ustawieniach SMTP. Klucz dostępu AWS i jego sekret to coś innego i zawsze zostaną tu odrzucone."
"An API key from the SMTP & API Info page.","Klucz API ze strony SMTP & API Info."
"An API key from the dashboard.","Klucz API z panelu dostawcy."
"An API key with the Mail Send permission. It is shown once, when it is created.","Klucz API z uprawnieniem Mail Send. Jest pokazywany raz, przy tworzeniu."
"An API key with the Send via SMTP permission.","Klucz API z uprawnieniem Send via SMTP."
"An App password, not the account password. Google only issues one once two-step verification is on; the spaces it shows may be typed or left out.","Hasło aplikacji, nie hasło do konta. Google wydaje je dopiero po włączeniu weryfikacji dwuetapowej; pokazywane spacje można przepisać albo pominąć."
"An SES SMTP user name. These are created under SMTP settings and are not the same thing as an AWS access key.","Nazwa użytkownika SMTP z SES. Tworzy się ją w ustawieniach SMTP i nie jest tym samym co klucz dostępu AWS."
"An SMTP credential generated in the account, not the password you sign in with.","Dane SMTP wygenerowane w koncie, nie hasło, którym się logujesz."
"An SMTP key generated on the same page. The account password will not work.","Klucz SMTP wygenerowany na tej samej stronie. Hasło do konta nie zadziała."
"An SMTP user created in the dashboard, not the address you sign in with.","Użytkownik SMTP utworzony w panelu, nie adres, którym się logujesz."
"An application-specific password, which is what Zoho issues once two-factor authentication is on.","Hasło dla aplikacji, czyli to, co Zoho wydaje po włączeniu uwierzytelniania dwuskładnikowego."
"An e-mail","Wiadomość e-mail"
"An https address. A JSON body with a text field is posted to it, which is what Slack, Teams and Discord all accept.","Adres https. Wysyłamy na niego treść JSON z polem text, czyli to, co przyjmują Slack, Teams i Discord."
"Attempts","Próby"
"Australia","Australia"
"Back to the messages","Powrót do wiadomości"
"Brevo wants the SMTP key from its SMTP & API page, not the password used to sign in.","Brevo wymaga klucza SMTP ze swojej strony SMTP & API, a nie hasła do logowania."
"CRAM-MD5","CRAM-MD5"
"Certificate not accepted","Certyfikat nieprzyjęty"
"Change the mail sending settings","Zmień ustawienia wysyłki poczty"
"Check it now","Sprawdź teraz"
"Check now","Sprawdź teraz"
"Check that the address matches the name on the certificate and that the certificate has not expired.","Sprawdź, czy adres zgadza się z nazwą w certyfikacie i czy certyfikat nie wygasł."
"Check the certificate","Sprawdzaj certyfikat"
"Check the connection","Sprawdzenie połączenia"
"Check the connection now","Sprawdź połączenie teraz"
"Check the connection regularly","Sprawdzaj połączenie regularnie"
"Check the sender domain","Sprawdź domenę nadawcy"
"Check the sender domain now","Sprawdź domenę nadawcy teraz"
"Check what the domain publishes","Sprawdzaj, co publikuje domena"
"Checked in %1 ms. A connection that works is not a delivery that works: send a test message to be sure of that.","Sprawdzone w %1 ms. Działające połączenie to nie to samo co dostarczona wiadomość: żeby mieć pewność, wyślij wiadomość testową."
"Checking the sender domain is switched off.","Sprawdzanie domeny nadawcy jest wyłączone."
"Checks the settings as they are saved, so save first. It opens a connection, raises encryption and logs in, and sends nothing.","Sprawdza ustawienia w wersji zapisanej, więc najpierw zapisz. Otwiera połączenie, podnosi szyfrowanie i loguje się, ale nic nie wysyła."
"Connection refused","Połączenie odrzucone"
"Counted within","Liczone w okresie"
"Credentials refused","Dane logowania odrzucone"
"DKIM","DKIM"
"DMARC","DMARC"
"Days. Entries older than this are deleted nightly, whether the log is switched on or not — a log turned off last month should not still be holding last month's mail.","Dni. Starsze wpisy są usuwane nocą niezależnie od tego, czy log jest włączony — log wyłączony miesiąc temu nie powinien nadal trzymać poczty z tamtego miesiąca."
"Delete","Usuń"
"Delete the selected entries?","Usunąć wybrane wpisy?"
"Deleting these entries cannot be undone. Any message body they still hold goes with them, so a failed message deleted here can no longer be sent again.","Usunięcia tych wpisów nie da się cofnąć. Razem z nimi przepada zachowana treść wiadomości, więc usuniętej tu nieudanej wiadomości nie wyślesz już ponownie."
"Dropped by Magento","Porzucona przez Magento"
"Dropped, because Magento is set to send no e-mail","Porzucona, bo Magento ma wyłączoną wysyłkę poczty"
"E-mail","E-mail"
"E-mail sending","Wysyłka poczty"
"E-mail sending (SMTP)","Wysyłka poczty (SMTP)"
"Empty means the address warnings go to.","Puste oznacza adres, na który idą ostrzeżenia."
"Empty means the shop's general contact address.","Puste oznacza ogólny adres kontaktowy sklepu."
"Encryption","Szyfrowanie"
"Encryption could not be agreed","Nie udało się ustalić szyfrowania"
"Europe","Europa"
"Evaluating this SPF record costs %1 DNS lookups and receivers give up after %2. Past that the record is ignored outright, however sensible it looks.","Sprawdzenie tego wpisu SPF kosztuje %1 zapytań DNS, a odbiorcy rezygnują po %2. Powyżej tej granicy wpis jest pomijany w całości, choćby wyglądał sensownie."
"Every store view","Wszystkie widoki sklepu"
"Failed checks before warning","Nieudane sprawdzenia przed ostrzeżeniem"
"Failed checks in a row","Nieudane sprawdzenia z rzędu"
"Failed messages before warning","Nieudane wiadomości przed ostrzeżeniem"
"Failing since","Nie działa od"
"Failing since: %1","Nie działa od: %1"
"Fill in an address above, or set the address warnings go to.","Wpisz adres powyżej albo ustaw adres, na który idą ostrzeżenia."
"For a chat room or a monitoring system. Use this where nobody opens the panel daily.","Dla komunikatora albo systemu monitoringu. Przydaje się tam, gdzie nikt nie zagląda do panelu codziennie."
"Four times a day, on cron, and never while a page is being rendered. It reads SPF, DKIM and DMARC and never changes anything.","Cztery razy na dobę, z crona, i nigdy w trakcie renderowania strony. Czyta SPF, DKIM i DMARC, niczego nie zmienia."
"Frankfurt","Frankfurt"
"From","Od"
"Give up after","Poddaj się po"
"Google wants an App password here rather than the account password, and only issues one once two-step verification is on.","Google wymaga tu hasła aplikacji, a nie hasła do konta, i wydaje je dopiero po włączeniu weryfikacji dwuetapowej."
"Health check","Kontrola stanu"
"How often","Jak często"
"If it arrived in a spam folder rather than an inbox, the settings are right and the domain's SPF, DKIM and DMARC records are what to look at next.","Jeśli trafiła do niechcianych, a nie do skrzynki odbiorczej, to ustawienia są dobre, a następne w kolejce do sprawdzenia są wpisy SPF, DKIM i DMARC domeny."
"If it is in the spam folder, the settings are right and the next thing to look at is the domain's SPF, DKIM and DMARC records.","Jeśli jest w niechcianych, ustawienia są dobre, a kolejną rzeczą do sprawdzenia są wpisy SPF, DKIM i DMARC domeny."
"If it is nowhere at all within a few minutes, the provider took it and dropped it: their own dashboard will say why.","Jeśli po kilku minutach nie ma jej nigdzie, dostawca ją przyjął i porzucił: powód będzie w jego własnym panelu."
"If port 587 is blocked outbound, 2525 answers the same way.","Jeśli port 587 jest zablokowany wychodząco, 2525 odpowiada tak samo."
"India","Indie"
"Ireland","Irlandia"
"It failed again: %1","Znowu się nie udało: %1"
"Keep a log of what was sent","Prowadź log wysłanych wiadomości"
"Keep entries for","Przechowuj wpisy przez"
"Keep the message body","Zachowuj treść wiadomości"
"LOGIN","LOGIN"
"Last checked","Ostatnio sprawdzane"
"Last message sent","Ostatnia wysłana wiadomość"
"Last worked","Ostatnio działało"
"Leave this alone unless a provider asks for something specific. The health check reports what the server offers.","Nie zmieniaj, chyba że dostawca wymaga czegoś konkretnego. Kontrola stanu pokazuje, co oferuje serwer."
"Leave this on. Turning it off makes an untrusted certificate work, and makes an intercepted connection work too.","Zostaw włączone. Wyłączenie sprawia, że zadziała niezaufany certyfikat — a razem z nim połączenie podsłuchiwane."
"Log","Log"
"Log in with","Loguj się metodą"
"Logging in postponed","Logowanie odłożone"
"Logs in as","Loguje się jako"
"Look in that mailbox now. If it is there, sending works.","Zajrzyj teraz do tej skrzynki. Jeśli wiadomość tam jest, wysyłka działa."
"Magento is set to send no e-mail at all. Until Disable Email Communications is turned off, nothing leaves the shop however this is configured.","Magento ma całkowicie wyłączoną wysyłkę poczty. Dopóki opcja Disable Email Communications jest włączona, nic nie wyjdzie ze sklepu, niezależnie od tych ustawień."
"Magento's own mail settings point at %1. They are ignored while this module is on, but they will mislead whoever reads them next.","Własne ustawienia poczty Magento wskazują na %1. Przy włączonym module są pomijane, ale wprowadzą w błąd następną osobę, która je przeczyta."
"Mail health report","Raport o wysyłce poczty"
"Mail log","Log poczty"
"Mail sending settings","Ustawienia wysyłki poczty"
"Mail servers have bad minutes. A refused password is reported at once whatever this says, because that will not fix itself.","Serwery pocztowe mają gorsze minuty. Odrzucone hasło zgłaszamy od razu, niezależnie od tej wartości, bo samo się nie naprawi."
"Mailjet uses the API key as the login and the secret key as the password.","Mailjet używa klucza API jako loginu, a klucza tajnego jako hasła."
"Message refused","Wiadomość odrzucona"
"Message to %1","Wiadomość do %1"
"Messages that failed to go out","Wiadomości, które nie wyszły"
"Messages that failed to go out: %1","Wiadomości, które nie wyszły: %1"
"Microsoft 365 turns SMTP AUTH off by default; it has to be switched on for this mailbox in the Microsoft 365 admin centre.","Microsoft 365 domyślnie wyłącza SMTP AUTH; trzeba go włączyć dla tej skrzynki w centrum administracyjnym Microsoft 365."
"No DKIM key for this provider is published at %1; we looked for %2._domainkey. Gmail and Yahoo have expected bulk senders to sign their mail since 2024, and unsigned mail from a shop is increasingly filed as spam.","W %1 nie ma opublikowanego klucza DKIM tego dostawcy; szukaliśmy %2._domainkey. Gmail i Yahoo od 2024 roku oczekują, że masowi nadawcy podpisują pocztę, a niepodpisane wiadomości ze sklepu coraz częściej trafiają do niechcianych."
"No STARTTLS offered","Brak STARTTLS"
"No answer","Brak odpowiedzi"
"No answer from %1 within %2 seconds.","Brak odpowiedzi z %1 w ciągu %2 sekund."
"No route to the server","Brak trasy do serwera"
"No way to log in","Brak sposobu na zalogowanie"
"None — only for a relay on the same machine","Brak — tylko dla przekaźnika na tej samej maszynie"
"None — the server accepts us by address","Brak — serwer przyjmuje nas po adresie"
"North Virginia","Wirginia Północna"
"Not a mail server","To nie serwer pocztowy"
"Not checked yet","Jeszcze nie sprawdzono"
"Not configured","Nieskonfigurowane"
"Not sent","Niewysłana"
"Nothing has been checked yet. The check runs on cron, and the button below runs it now.","Nic jeszcze nie zostało sprawdzone. Kontrola chodzi z crona, a przycisk poniżej uruchamia ją od razu."
"Nothing in what %1 publishes should stop the mail arriving.","W tym, co publikuje %1, nie ma nic, co powinno zatrzymać dostarczanie poczty."
"Nothing is listening at %1.","Nic nie nasłuchuje na %1."
"Nothing needs to be done.","Nie trzeba nic robić."
"Nothing was checked: we do not know which domain this shop sends as.","Nic nie zostało sprawdzone: nie wiemy, z jakiej domeny ten sklep wysyła."
"One real message, through the saved settings. This is the only way to learn anything about delivery.","Jedna prawdziwa wiadomość, przez zapisane ustawienia. To jedyny sposób, żeby dowiedzieć się czegokolwiek o dostarczaniu."
"Only for messages that failed, and only while they are within the retention — this is what makes sending them again possible once the settings are fixed. It is also the one setting here that stores whole customer e-mails.","Tylko dla wiadomości nieudanych i tylko w okresie przechowywania — to właśnie umożliwia ponowną wysyłkę po naprawieniu ustawień. To również jedyne ustawienie, które zapisuje całe wiadomości klientów."
"Only needed where the provider insists. A Magento installation has sender addresses in half a dozen settings and in any number of modules, and a provider that only accepts one of them will refuse the rest.","Potrzebne tylko tam, gdzie dostawca się upiera. Instalacja Magento trzyma adresy nadawcy w kilku ustawieniach i w dowolnej liczbie modułów, a dostawca, który przyjmuje tylko jeden z nich, odrzuci pozostałe."
"Open","Otwórz"
"Open the mail health report","Otwórz raport o wysyłce poczty"
"Open the mail sending settings","Otwórz ustawienia wysyłki poczty"
"Opens a connection, raises encryption and logs in. It sends nothing, costs the provider nothing, and proves the connection rather than the delivery.","Otwiera połączenie, podnosi szyfrowanie i loguje się. Nic nie wysyła, nic nie kosztuje u dostawcy i dowodzi połączenia, a nie dostarczenia."
"Oregon","Oregon"
"Other addresses for this provider:","Inne adresy tego dostawcy:"
"Outcome","Wynik"
"Outgoing mail is customer correspondence: names, addresses, order contents, the occasional password reset link. The defaults keep as little of it as is still useful.","Poczta wychodząca to korespondencja z klientami: nazwiska, adresy, zawartość zamówień, czasem link do zmiany hasła. Domyślne ustawienia trzymają z tego tyle, ile jest jeszcze przydatne."
"Overrides the sender of every message. Leave empty to keep whatever each message already says.","Nadpisuje nadawcę w każdej wiadomości. Puste zostawia to, co każda wiadomość ma wpisane."
"PLAIN","PLAIN"
"Password","Hasło"
"Pick a provider and its server, port and encryption are filled in below.","Wybierz dostawcę, a jego serwer, port i szyfrowanie wypełnią się poniżej."
"Pick the host of the data centre the account lives in; the addresses are not interchangeable.","Wybierz host centrum danych, w którym mieszka konto; te adresy nie są wymienne."
"Pick the host of the region the identity was verified in, and remember that a new account is in the sandbox until Amazon lifts it: it can only write to verified addresses.","Wybierz host regionu, w którym zweryfikowano tożsamość, i pamiętaj, że nowe konto siedzi w piaskownicy, dopóki Amazon go z niej nie wyjmie: może pisać wyłącznie na zweryfikowane adresy."
"Picking one fills in the server, the port and the encryption, and explains what that provider means by the two credential fields.","Wybór dostawcy wypełnia serwer, port i szyfrowanie oraz wyjaśnia, co ten dostawca rozumie przez dwa pola z danymi logowania."
"Port","Port"
"Port %1 expects TLS from the first byte. With encryption off, the server will never answer.","Port %1 oczekuje TLS od pierwszego bajtu. Przy wyłączonym szyfrowaniu serwer nigdy nie odpowie."
"Port %1 usually expects STARTTLS rather than TLS from the first byte.","Port %1 zwykle oczekuje STARTTLS, a nie TLS od pierwszego bajtu."
"Port %1 usually expects TLS from the first byte rather than STARTTLS.","Port %1 zwykle oczekuje TLS od pierwszego bajtu, a nie STARTTLS."
"Port 25 is blocked outbound by most hosting companies, and by most home connections.","Port 25 jest wychodząco zablokowany u większości hostingów i na większości łączy domowych."
"Port and encryption disagree: 465 expects TLS from the first byte, 587 expects STARTTLS.","Port i szyfrowanie się nie zgadzają: 465 oczekuje TLS od pierwszego bajtu, 587 oczekuje STARTTLS."
"Postmark expects the Server API token in both the user name and the password.","Postmark oczekuje tokena Server API i w nazwie użytkownika, i w haśle."
"Postmark keeps transactional and bulk messages on separate streams; order e-mail belongs on the transactional one.","Postmark trzyma wiadomości transakcyjne i masowe na osobnych strumieniach; poczta o zamówieniach należy do transakcyjnego."
"Provider","Dostawca"
"Reads SPF, DKIM and DMARC. This is the half of sending that a connection check cannot see: whether a receiving server will believe the shop.","Czyta SPF, DKIM i DMARC. To ta połowa wysyłki, której test połączenia nie widzi: czy serwer odbiorcy uwierzy sklepowi."
"Reads the SPF, DKIM and DMARC records of the domain this shop sends as, and says whether they authorise the provider configured above. It changes nothing and sends nothing.","Czyta wpisy SPF, DKIM i DMARC domeny, z której sklep wysyła, i mówi, czy dopuszczają dostawcę ustawionego powyżej. Niczego nie zmienia i nic nie wysyła."
"Real messages that could not be sent. This is the ground truth: a shop whose order confirmations are failing is broken whatever a connection test says.","Prawdziwe wiadomości, których nie udało się wysłać. To twardy dowód: sklep, któremu nie wychodzą potwierdzenia zamówień, jest zepsuty, cokolwiek mówi test połączenia."
"Refused by the server","Odrzucone przez serwer"
"Reuse a verdict for","Używaj poprzedniego wyniku przez"
"SMTP AUTH is off by default and has to be enabled for the mailbox in the Microsoft 365 admin centre. Microsoft also throttles at around 30 messages a minute and 10 000 a day, and is retiring password-based SMTP: for order e-mail a provider built for sending is the safer home.","SMTP AUTH jest domyślnie wyłączony i trzeba go włączyć dla skrzynki w centrum administracyjnym Microsoft 365. Microsoft ogranicza też tempo do około 30 wiadomości na minutę i 10 000 na dobę, a do tego wycofuje SMTP na hasło: dla poczty o zamówieniach bezpieczniejszym domem jest dostawca stworzony do wysyłki."
"SPF","SPF"
"SPF costs","Koszt SPF"
"STARTTLS","STARTTLS"
"STARTTLS refused","STARTTLS odrzucony"
"STARTTLS — usually port 587","STARTTLS — zwykle port 587"
"Say it again after","Powtórz po"
"Seconds of silence before the same problem is reported a second time. Six hours by default: often enough not to be forgotten, rarely enough not to be filtered.","Sekundy ciszy, po których zgłaszamy ten sam problem po raz drugi. Domyślnie sześć godzin: dość często, żeby nie zapomnieć, dość rzadko, żeby nie wylądować w filtrze."
"Seconds to wait for the server. Five is enough for any provider in the list; a longer wait only makes a checkout page slower on the day the server is down.","Sekundy oczekiwania na serwer. Pięć wystarcza każdemu dostawcy z listy; dłuższe oczekiwanie tylko spowalnia ścieżkę zakupową w dniu, w którym serwer nie działa."
"Seconds. Keeps a dashboard, a cron run and a console command in the same minute from opening three connections to learn the same thing. The button on this page always checks now.","Sekundy. Dzięki temu pulpit, przebieg crona i polecenie w konsoli w tej samej minucie nie otwierają trzech połączeń po tę samą wiedzę. Przycisk na tej stronie zawsze sprawdza od razu."
"Seconds. Three failures in half an hour is a broken shop; three over a fortnight is three bad addresses.","Sekundy. Trzy niepowodzenia w pół godziny to zepsuty sklep; trzy w ciągu dwóch tygodni to trzy błędne adresy."
"See what was sent","Zobacz, co zostało wysłane"
"Send a test message","Wyślij wiadomość testową"
"Send a test message to","Wyślij wiadomość testową na adres"
"Send bounces to","Zwroty wysyłaj na"
"Send it","Wyślij"
"Send it again","Wyślij ponownie"
"Send through this module","Wysyłaj przez ten moduł"
"SendGrid expects the literal word apikey as the login, with the API key as the password.","SendGrid oczekuje dosłownie słowa apikey jako loginu, a klucza API jako hasła."
"Sender","Nadawca"
"Sender domain","Domena nadawcy"
"Sender, recipients, subject and what the server said. This is what answers ""did the customer get it?"" without guessing.","Nadawca, odbiorcy, temat i to, co powiedział serwer. To właśnie odpowiada na pytanie „czy klient to dostał?” bez zgadywania."
"Sender: %1","Nadawca: %1"
"Sending","Wysyłka"
"Sending health","Stan wysyłki"
"Sending is broken","Wysyłka nie działa"
"Sending it again uses the settings as they are now, which is the point: what changed is the settings.","Ponowna wysyłka korzysta z obecnych ustawień i o to właśnie chodzi: zmieniły się ustawienia."
"Sending through %1 has not been checked yet.","Wysyłka przez %1 nie była jeszcze sprawdzana."
"Sending through %1 is working.","Wysyłka przez %1 działa."
"Sending through this module is switched off, so Magento is sending the way it did before.","Wysyłka przez ten moduł jest wyłączona, więc Magento wysyła tak jak wcześniej."
"Sending through this module is switched off.","Wysyłka przez ten moduł jest wyłączona."
"Sending to %1 failed for a reason we could not name.","Wysyłka do %1 nie udała się z powodu, którego nie umiemy nazwać."
"Sending works","Wysyłka działa"
"Sends as","Wysyła jako"
"Sends one real message through the saved settings. Save first, and then look in that mailbox: whether it lands in the inbox or in the spam folder is the answer to a different question, about the domain's DNS records.","Wysyła jedną prawdziwą wiadomość przez zapisane ustawienia. Najpierw zapisz, a potem zajrzyj do tej skrzynki: czy trafi do odbiorczej, czy do niechcianych, to odpowiedź na inne pytanie — o wpisy DNS domeny."
"Sent again at","Wysłano ponownie"
"Sent at","Wysłano"
"Sent messages","Wysłane wiadomości"
"Sent through the server's own local mail command rather than the provider, because the provider is what is not working. That makes it a second chance rather than a guarantee: local mail is often unconfigured, and often lands in a spam folder.","Wysyłane lokalnym poleceniem pocztowym serwera, a nie przez dostawcę, bo to dostawca nie działa. Dlatego jest to druga szansa, a nie gwarancja: poczta lokalna często nie jest skonfigurowana i często trafia do niechcianych."
"Sent through: %1","Wysłano przez: %1"
"Server","Serwer"
"Server busy","Serwer zajęty"
"Session refused","Sesja odrzucona"
"Settings and the full report: %1","Ustawienia i pełny raport: %1"
"Shown as","Wyświetlana nazwa"
"Shown as source rather than rendered, because this page is for finding out what happened.","Pokazane jako źródło, a nie wyrenderowane, bo ta strona służy do ustalenia, co się stało."
"Size","Rozmiar"
"Somebody was told","Ktoś został powiadomiony"
"Something about these settings is wrong.","Coś w tych ustawieniach jest nie tak."
"Something answers at %1, but it does not speak SMTP.","Coś odpowiada na %1, ale nie mówi po SMTP."
"State","Stan"
"Stopped answering","Przestał odpowiadać"
"Store view","Widok sklepu"
"Stored encrypted with the installation's own key. It is never written to the log, to an alert or to the report.","Przechowywane zaszyfrowane kluczem tej instalacji. Nigdy nie trafia do logu, do ostrzeżenia ani do raportu."
"Subject","Temat"
"TLS from the first byte","TLS od pierwszego bajtu"
"TLS from the first byte — usually port 465","TLS od pierwszego bajtu — zwykle port 465"
"Test message","Wiadomość testowa"
"Test message from your shop","Wiadomość testowa z Twojego sklepu"
"That log entry is gone. Entries are deleted once they are past their retention.","Tego wpisu już nie ma. Wpisy są usuwane po upływie okresu przechowywania."
"The API key from the account settings.","Klucz API z ustawień konta."
"The DMARC record of %1 only watches: a forged sender is reported and delivered anyway. That is the right first step, and worth moving past once SPF and DKIM are in order.","Wpis DMARC domeny %1 tylko obserwuje: podszycie zostanie zgłoszone i wiadomość i tak zostanie dostarczona. To właściwy pierwszy krok, warto pójść dalej, gdy SPF i DKIM będą w porządku."
"The SMTP login from SMTP & API → SMTP, which is an e-mail address and not always the one you sign in with.","Login SMTP ze strony SMTP & API → SMTP; jest to adres e-mail i nie zawsze ten, którym się logujesz."
"The SMTP login of the sending domain, usually postmaster@your-domain.","Login SMTP domeny wysyłającej, zwykle postmaster@twoja-domena."
"The SMTP password issued with that user name, which is shown only once.","Hasło SMTP wydane razem z tą nazwą użytkownika, pokazywane tylko raz."
"The SMTP password shown for that domain. Resetting it there breaks sending here until it is copied again.","Hasło SMTP pokazane dla tej domeny. Zmiana go tam psuje wysyłkę tutaj, dopóki nie skopiujesz nowego."
"The SPF record of %1 does not authorise the provider this shop sends through. Until it contains %2, the provider will keep accepting the messages and receivers will keep treating them as forged.","Wpis SPF domeny %1 nie dopuszcza dostawcy, przez którego ten sklep wysyła. Dopóki nie będzie w nim %2, dostawca będzie przyjmował wiadomości, a odbiorcy będą je traktować jak podszycie."
"The SPF record of %1 ends with +all, which authorises every server on the internet to send as it. That is worse than publishing nothing, because it looks like protection.","Wpis SPF domeny %1 kończy się na +all, co dopuszcza do wysyłki z niej każdy serwer w internecie. To gorzej niż nie publikować nic, bo wygląda jak zabezpieczenie."
"The SPF record says nothing about senders it has not listed. Ending it with ~all, or with -all once everything is verified, is what makes it mean something.","Wpis SPF nic nie mówi o nadawcach, których nie wymienia. Zakończenie go na ~all, a po weryfikacji wszystkiego na -all, jest tym, co nadaje mu znaczenie."
"The Server API token from the server's API Tokens tab.","Token Server API z zakładki API Tokens danego serwera."
"The Server API token, the same value as the password. It is filled in for you.","Token Server API, ta sama wartość co hasło. Wypełniamy to za Ciebie."
"The certificate is not being checked, so nothing proves the server is the one it claims to be.","Certyfikat nie jest sprawdzany, więc nic nie dowodzi, że serwer jest tym, za kogo się podaje."
"The certificate presented by %1 was not accepted.","Certyfikat przedstawiony przez %1 nie został przyjęty."
"The channel that always works, because somebody logs in to process orders anyway.","Kanał, który zawsze działa, bo ktoś i tak loguje się po zamówienia."
"The check opens a connection, raises encryption and logs in, then says goodbye without sending anything. It costs the provider nothing and counts against no sending limit — and it proves the connection, never the delivery.","Kontrola otwiera połączenie, podnosi szyfrowanie, loguje się i mówi do widzenia, nic nie wysyłając. Nic nie kosztuje u dostawcy i nie zużywa limitu wysyłki — i dowodzi połączenia, nigdy dostarczenia."
"The check took","Sprawdzenie zajęło"
"The connection check proves the shop can hand a message to its provider. Whether a receiving server believes that message is decided by what the sending domain publishes in DNS — and that is where ""the settings are right and the mail still is not arriving"" nearly always ends up.","Test połączenia dowodzi, że sklep umie przekazać wiadomość dostawcy. Czy serwer odbiorcy jej uwierzy, rozstrzyga to, co domena nadawcy publikuje w DNS — i właśnie tam niemal zawsze kończy się „ustawienia są dobre, a poczta i tak nie dochodzi”."
"The connection to %1 stopped answering part way through.","Połączenie z %1 przestało odpowiadać w trakcie."
"The domain authorises %1, which has no ready-made settings here. Its server, port and credentials have to be typed in by hand.","Domena dopuszcza %1, dla którego nie mamy gotowych ustawień. Serwer, port i dane logowania trzeba wpisać ręcznie."
"The domain authorises %1, which is not what is configured here. If that is the provider you mean to use, pick it above and its server will be filled in.","Domena dopuszcza %1, a skonfigurowano tu coś innego. Jeśli to ten dostawca ma wysyłać, wybierz go powyżej, a jego serwer wypełni się sam."
"The domain publishes a submission service of its own: %1 on port %2. That is its own answer about its own mail, not a guess of ours.","Domena publikuje własny serwer nadawczy: %1 na porcie %2. To jej własna odpowiedź o jej własnej poczcie, nie nasze zgadywanie."
"The domain's records could not be read from this server, so nothing is known about them either way. That is usually DNS on the server rather than anything about the shop.","Wpisów domeny nie udało się odczytać z tego serwera, więc nie wiemy o nich nic w żadną stronę. Zwykle to kwestia DNS na serwerze, a nie samego sklepu."
"The e-mail address of the account, or any Mandrill user name.","Adres e-mail konta albo dowolna nazwa użytkownika Mandrill."
"The e-mail address of the account.","Adres e-mail konta."
"The encrypted connection to %1 could not be agreed.","Nie udało się ustalić szyfrowanego połączenia z %1."
"The envelope sender, which is where undeliverable mail comes back to. A different thing from the address above, and the one providers check.","Nadawca koperty, czyli adres, na który wracają niedostarczone wiadomości. To coś innego niż adres powyżej i to jego sprawdzają dostawcy."
"The full address of the mailbox, which has to be the address messages are sent from.","Pełny adres skrzynki, który musi być adresem, z którego wysyłane są wiadomości."
"The full address of the mailbox.","Pełny adres skrzynki."
"The health check proves a connection. Only a real message proves delivery, and only the mailbox it arrives in can say whether it landed in the inbox or the spam folder.","Kontrola stanu dowodzi połączenia. Dostarczenia dowodzi tylko prawdziwa wiadomość, a czy trafiła do skrzynki odbiorczej, czy do niechcianych, powie wyłącznie ta skrzynka."
"The message as it was to be sent","Wiadomość w postaci, w jakiej miała być wysłana"
"The message itself was not kept, so it cannot be sent again. Turn on ""Keep the message body"" to make that possible for future failures.","Sama treść wiadomości nie została zachowana, więc nie da się jej wysłać ponownie. Włącz „Zachowuj treść wiadomości”, żeby było to możliwe przy kolejnych niepowodzeniach."
"The message to %1 has been sent.","Wiadomość do %1 została wysłana."
"The message was not accepted: %1","Wiadomość nie została przyjęta: %1"
"The message was not sent.","Wiadomość nie została wysłana."
"The name %1 could not be looked up from this server.","Nazwy %1 nie udało się odnaleźć z tego serwera."
"The panel could not ask the server.","Panel nie mógł zapytać serwera."
"The password for that login. Leave both fields empty for a relay that authenticates by IP address.","Hasło do tego loginu. Przy przekaźniku uwierzytelniającym po adresie IP zostaw oba pola puste."
"The password of that mailbox, or an app password where multi-factor authentication is on.","Hasło tej skrzynki albo hasło aplikacji, jeśli włączone jest uwierzytelnianie wieloskładnikowe."
"The password set for that SMTP user.","Hasło ustawione dla tego użytkownika SMTP."
"The password would travel across the network unencrypted.","Hasło szłoby przez sieć bez szyfrowania."
"The provider in SPF","Dostawca w SPF"
"The provider's own instructions","Instrukcja samego dostawcy"
"The secret key that belongs to that API key.","Klucz tajny należący do tego klucza API."
"The sender domain has not been checked yet.","Domena nadawcy nie była jeszcze sprawdzana."
"The server accepted a message for %1 in %2 ms.","Serwer przyjął wiadomość dla %1 w %2 ms."
"The server at %1 accepts connections, and the credentials are accepted. This says nothing about delivery.","Serwer %1 przyjmuje połączenia, a dane logowania są akceptowane. To nic nie mówi o dostarczaniu."
"The server at %1 answered in a way we could not read.","Serwer %1 odpowiedział w sposób, którego nie umiemy odczytać."
"The server at %1 asked us to come back later.","Serwer %1 poprosił, żebyśmy wrócili później."
"The server at %1 could not check the credentials this time.","Serwer %1 nie mógł tym razem sprawdzić danych logowania."
"The server at %1 does not offer STARTTLS, which these settings require.","Serwer %1 nie oferuje STARTTLS, którego wymagają te ustawienia."
"The server at %1 offers no way to present the credentials that are configured.","Serwer %1 nie daje żadnego sposobu na przedstawienie skonfigurowanych danych logowania."
"The server at %1 refused the connection before anything was sent.","Serwer %1 odrzucił połączenie, zanim cokolwiek zostało wysłane."
"The server at %1 refused the user name and password.","Serwer %1 odrzucił nazwę użytkownika i hasło."
"The server at %1 refused to turn on encryption.","Serwer %1 odmówił włączenia szyfrowania."
"The server at %1 took the connection but refused the message.","Serwer %1 przyjął połączenie, ale odrzucił wiadomość."
"The server at %1 would not open a session.","Serwer %1 nie chciał otworzyć sesji."
"The server said: %1","Serwer odpowiedział: %1"
"The settings are not complete enough to send anything yet.","Ustawienia nie są jeszcze na tyle kompletne, żeby cokolwiek wysłać."
"The settings are not complete enough to try sending.","Ustawienia nie są na tyle kompletne, żeby próbować wysyłki."
"The settings cannot send anything at the moment, so there is no point trying. Fix the settings first.","Obecne ustawienia nie są w stanie nic wysłać, więc próba nie ma sensu. Najpierw popraw ustawienia."
"The shop can send e-mail again through %1.","Sklep znowu może wysyłać pocztę przez %1."
"The shop cannot send e-mail: %1 while %2, at %3.","Sklep nie może wysyłać poczty: %1 przy etapie „%2”, na %3."
"The shop is sending, but nothing was checked about the sender domain.","Sklep wysyła, ale o domenie nadawcy nic nie zostało sprawdzone."
"The shop is sending, but what %1 publishes means the mail may not be arriving.","Sklep wysyła, ale to, co publikuje %1, sprawia, że poczta może nie dochodzić."
"There is no password, although the settings say to log in.","Nie ma hasła, choć ustawienia mówią, że trzeba się logować."
"There is no route from this server to %1.","Z tego serwera nie ma trasy do %1."
"There is no sender address to send from. Set one in the general contact, or override it here.","Nie ma adresu nadawcy, z którego można wysłać. Ustaw go w ogólnym kontakcie albo nadpisz tutaj."
"There is no server address.","Nie ma adresu serwera."
"There is no user name, although the settings say to log in.","Nie ma nazwy użytkownika, choć ustawienia mówią, że trzeba się logować."
"There is nobody to send a test message to.","Nie ma komu wysłać wiadomości testowej."
"There is nothing more we can say about this one.","Nic więcej nie umiemy o tym powiedzieć."
"This has to match the port. The two together are the commonest reason a correct password looks like a dead server.","To musi zgadzać się z portem. Te dwie rzeczy razem są najczęstszym powodem, dla którego poprawne hasło wygląda jak martwy serwer."
"This is usually a session that has expired. Reload the page and try again.","Zwykle oznacza to wygasłą sesję. Odśwież stronę i spróbuj ponownie."
"This message was not kept, so it cannot be sent again. Entries are only kept in full while ""Keep the message body"" is on.","Ta wiadomość nie została zachowana, więc nie da się jej wysłać ponownie. Wpisy są zachowywane w całości tylko przy włączonej opcji „Zachowuj treść wiadomości”."
"This message was sent from the mail settings of your shop.","Ta wiadomość została wysłana z ustawień poczty Twojego sklepu."
"This warning was sent through the server's local mail command rather than the configured provider, because the configured provider is the thing that is not working.","To ostrzeżenie wysłaliśmy lokalnym poleceniem pocztowym serwera, a nie przez skonfigurowanego dostawcę, bo to właśnie skonfigurowany dostawca nie działa."
"Through","Przez"
"To","Do"
"Took","Zajęło"
"Took (ms)","Zajęło (ms)"
"Unknown failure","Nieznana awaria"
"Unknown server name","Nieznana nazwa serwera"
"Unreadable answer","Nieczytelna odpowiedź"
"User name","Nazwa użytkownika"
"We cannot tell which domain this shop sends as, so its records were not checked. Fill in the sender address, or use a login that is an address at the shop's own domain.","Nie wiemy, z jakiej domeny ten sklep wysyła, więc jej wpisy nie zostały sprawdzone. Wypełnij adres nadawcy albo użyj loginu będącego adresem we własnej domenie sklepu."
"Webhook address","Adres webhooka"
"What is configured","Co jest skonfigurowane"
"What the server said","Co powiedział serwer"
"What this provider expects","Czego oczekuje ten dostawca"
"Whatever the provider expects (recommended)","To, czego oczekuje dostawca (zalecane)"
"Whatever the server expects as the login, usually a full e-mail address.","To, czego serwer oczekuje jako loginu, zwykle pełny adres e-mail."
"Who is told","Kto jest powiadamiany"
"Who is told when sending breaks","Kto zostanie powiadomiony, gdy wysyłka przestanie działać"
"Why it did not go out","Dlaczego nie wyszła"
"Will the mail be believed","Czy poczcie uwierzą"
"With this off, Magento sends the way it did before the module was installed. Nothing here is lost, and turning it back on restores it.","Przy wyłączonej opcji Magento wysyła tak jak przed instalacją modułu. Nic tutaj nie przepada, a ponowne włączenie przywraca wszystko."
"Working","Działa"
"Working on it…","Pracujemy nad tym…"
"Worth fixing in the settings","Warto poprawić w ustawieniach"
"Zoho keeps each data centre on its own address, and it has to be the one the account lives in.","Zoho trzyma każde centrum danych pod własnym adresem i musi to być ten, w którym mieszka konto."
"a bar across the admin panel","pasek na każdej stronie panelu"
"a line in the log, and the exit code of bin/magento calmfox:smtp:health","wpis w logu oraz kod wyjścia polecenia bin/magento calmfox:smtp:health"
"a webhook","webhook"
"agreeing the encryption","ustalanie szyfrowania"
"an e-mail to %1","wiadomość e-mail na %1"
"asking for encryption","prośba o szyfrowanie"
"authorises this provider","dopuszcza tego dostawcę"
"connecting","łączenie"
"does not authorise this provider","nie dopuszcza tego dostawcy"
"finishing","kończenie"
"logging in","logowanie"
"never","nigdy"
"none","brak"
"not checked","nie sprawdzono"
"not published","nieopublikowany"
"not set","nie ustawiono"
"nothing is sent; the server accepts us by address","nic nie jest wysyłane; serwer przyjmuje nas po adresie"
"opening the session","otwieranie sesji"
"published","opublikowany"
"reading the greeting","odczyt powitania"
"somebody@example.com","ktos@przyklad.pl"
